{
  "type": "minecraft:entity",
  "pools": [
    {
      "rolls": 1,
      "entries": [
        {
          "type": "minecraft:item",
          "name": "minecraft:shulker_shell",
          "functions": [
            {
              "function": "minecraft:set_count",
              "count": 2
            }
          ]
        }
      ]
    },
    {
      "rolls": 1,
      "entries": [
        {
          "type": "minecraft:item",
          "name": "minecraft:emerald"
        }
      ],
      "conditions": [
        {
          "condition": "minecraft:killed_by_player",
          "inverse": false
        },
        {
          "condition": "minecraft:random_chance_with_looting",
          "chance": 0.09,
          "looting_multiplier": 0.03
        }
      ]
    }
  ]
}