{
  "type": "minecraft:chest",
  "pools": [
    {
      "rolls": {
        "min": 1,
        "max": 3,
		"type": "minecraft:uniform"
      },
      "entries": [
        {
          "type": "minecraft:item",
          "weight": 20,
          "name": "minecraft:lead"
        },
        {
          "type": "minecraft:item",
          "weight": 15,
          "name": "minecraft:golden_apple"
        },
        {
          "type": "minecraft:item",
          "weight": 2,
          "name": "minecraft:enchanted_golden_apple"
        },
        {
          "type": "minecraft:item",
          "weight": 15,
          "name": "minecraft:music_disc_13"
        },
        {
          "type": "minecraft:item",
          "weight": 15,
          "name": "minecraft:music_disc_cat"
        },
        {
          "type": "minecraft:item",
          "weight": 20,
          "name": "minecraft:name_tag"
        },
        {
          "type": "minecraft:item",
          "weight": 10,
          "name": "minecraft:chainmail_chestplate"
        },
        {
          "type": "minecraft:item",
          "weight": 15,
          "name": "minecraft:diamond_hoe"
        },
        {
          "type": "minecraft:item",
          "weight": 5,
          "name": "minecraft:diamond_chestplate"
        },
        {
          "type": "minecraft:item",
          "weight": 20,
          "name": "minecraft:beetroot_soup",
          "functions": [
            {
              "function": "minecraft:set_nbt",
              "tag": "{display:{Name:'{\"text\":\"Healing Salve\",\"color\":\"aqua\",\"bold\":false,\"italic\":false}',Lore:['{\"text\":\"Put into offhand to heal.\",\"color\":\"gray\",\"italic\":true}']},CustomModelData:5101001,tsurv.salve:1b}"
            }
          ]
        }
      ]
    },
    {
      "rolls": {
        "min": 1,
        "max": 4,
		"type": "minecraft:uniform"
      },
      "entries": [
        {
          "type": "minecraft:item",
          "weight": 10,
          "name": "minecraft:iron_ingot",
          "functions": [
            {
              "function": "minecraft:set_count",
              "count": {
                "min": 5,
                "max": 10,
				"type": "minecraft:uniform"
              }
            }
          ]
        },
        {
          "type": "minecraft:item",
          "weight": 5,
          "name": "minecraft:gold_ingot",
          "functions": [
            {
              "function": "minecraft:set_count",
              "count": {
                "min": 4,
                "max": 8,
				"type": "minecraft:uniform"
              }
            }
          ]
        },
        {
          "type": "minecraft:item",
          "weight": 20,
          "name": "minecraft:bread"
        },
        {
          "type": "minecraft:item",
          "weight": 20,
          "name": "minecraft:wheat",
          "functions": [
            {
              "function": "minecraft:set_count",
              "count": {
                "min": 1,
                "max": 4,
				"type": "minecraft:uniform"
              }
            }
          ]
        },
        {
          "type": "minecraft:item",
          "weight": 10,
          "name": "minecraft:bucket"
        },
        {
          "type": "minecraft:item",
          "weight": 15,
          "name": "minecraft:redstone",
          "functions": [
            {
              "function": "minecraft:set_count",
              "count": {
                "min": 1,
                "max": 4,
				"type": "minecraft:uniform"
              }
            }
          ]
        },
        {
          "type": "minecraft:item",
          "weight": 15,
          "name": "minecraft:coal",
          "functions": [
            {
              "function": "minecraft:set_count",
              "count": {
                "min": 1,
                "max": 4,
				"type": "minecraft:uniform"
              }
            }
          ]
        },
        {
          "type": "minecraft:item",
          "weight": 10,
          "name": "minecraft:melon_seeds",
          "functions": [
            {
              "function": "minecraft:set_count",
              "count": {
                "min": 2,
                "max": 4,
				"type": "minecraft:uniform"
              }
            }
          ]
        },
        {
          "type": "minecraft:item",
          "weight": 10,
          "name": "minecraft:pumpkin_seeds",
          "functions": [
            {
              "function": "minecraft:set_count",
              "count": {
                "min": 2,
                "max": 4,
				"type": "minecraft:uniform"
              }
            }
          ]
        },
        {
          "type": "minecraft:item",
          "weight": 10,
          "name": "minecraft:beetroot_seeds",
          "functions": [
            {
              "function": "minecraft:set_count",
              "count": {
                "min": 2,
                "max": 4,
				"type": "minecraft:uniform"
              }
            }
          ]
        }
      ]
    },
    {
      "rolls": 3,
      "entries": [
        {
          "type": "minecraft:item",
          "weight": 10,
          "name": "minecraft:bone",
          "functions": [
            {
              "function": "minecraft:set_count",
              "count": {
                "min": 1,
                "max": 8,
				"type": "minecraft:uniform"
              }
            }
          ]
        },
        {
          "type": "minecraft:item",
          "weight": 10,
          "name": "minecraft:gunpowder",
          "functions": [
            {
              "function": "minecraft:set_count",
              "count": {
                "min": 1,
                "max": 8,
				"type": "minecraft:uniform"
              }
            }
          ]
        },
        {
          "type": "minecraft:item",
          "weight": 10,
          "name": "minecraft:rotten_flesh",
          "functions": [
            {
              "function": "minecraft:set_count",
              "count": {
                "min": 1,
                "max": 8,
				"type": "minecraft:uniform"
              }
            }
          ]
        },
        {
          "type": "minecraft:item",
          "weight": 10,
          "name": "minecraft:string",
          "functions": [
            {
              "function": "minecraft:set_count",
              "count": {
                "min": 1,
                "max": 8,
				"type": "minecraft:uniform"
              }
            }
          ]
        }
      ]
    }
  ]
}