{
  "pools": [
    {
      "rolls": 1,
      "entries": [
        {
          "type": "minecraft:item",
          "name": "minecraft:glowstone_dust",
          "functions": [
            {
              "function": "minecraft:set_nbt",
              "tag": "{display:{Name:'{\"text\":\"Gold Boot\",\"italic\":false}',Lore:['{\"text\":\"There\\'s always a bigger boot.\",\"color\":\"gray\",\"italic\":false}','{\"text\":\"-npash\",\"color\":\"dark_green\",\"italic\":true}']},CustomModelData:5101114,tsurv.trophy:1b}"
            }
          ],
          "conditions": [
            {
              "condition": "minecraft:location_check",
              "predicate": {
                "dimension": "minecraft:the_nether"
              }
            }
          ]
        },
        {
          "type": "minecraft:item",
          "name": "minecraft:orange_dye",
          "functions": [
            {
              "function": "minecraft:set_nbt",
              "tag": "{display:{Name:'{\"text\":\"Old Boot\",\"italic\":false}',Lore:['{\"text\":\"Going the extra mile\",\"color\":\"gray\",\"italic\":false}','{\"text\":\"tracks a lot of dirt.\",\"color\":\"gray\",\"italic\":false}','{\"text\":\"-ToastyMicach\",\"color\":\"dark_green\",\"italic\":true}']},CustomModelData:5101113,tsurv.trophy:1b}"
            }
          ]
        },
        {
          "type": "minecraft:item",
          "name": "minecraft:flint",
          "functions": [
            {
              "function": "minecraft:set_nbt",
              "tag": "{display:{Name:'{\"text\":\"Broken Shovel\",\"color\":\"white\",\"italic\":false}',Lore:['{\"text\":\"Riches come to those who\",\"color\":\"gray\",\"italic\":false}','{\"text\":\"sing in the mines.\",\"color\":\"gray\",\"italic\":false}','{\"text\":\"- Iran Junction\",\"color\":\"dark_green\"}']},CustomModelData:5101109,tsurv.trophy:1b}"
            }
          ]
        },
        {
          "type": "minecraft:item",
          "name": "minecraft:blue_dye",
          "functions": [
            {
              "function": "minecraft:set_nbt",
              "tag": "{display:{Name:'{\"text\":\"Dirty Gem\",\"color\":\"white\",\"italic\":false}',Lore:['{\"text\":\"It\\'s not a diamond...\",\"color\":\"gray\",\"italic\":false}','{\"text\":\"It\\'s moissanite!\",\"color\":\"gray\",\"italic\":false}','{\"text\":\"- Chief Executive Admin\",\"color\":\"dark_green\"}']},CustomModelData:5101107,tsurv.trophy:1b}"
            }
          ]
        },
        {
          "type": "minecraft:item",
          "name": "minecraft:gray_dye",
          "functions": [
            {
              "function": "minecraft:set_nbt",
              "tag": "{display:{Name:'{\"text\":\"Cast Iron Pan\",\"color\":\"white\",\"italic\":false}',Lore:['{\"text\":\"I\\'m so glad I\\'m not an idiot.\",\"color\":\"gray\",\"italic\":false}','{\"text\":\"- PieGodofWar\",\"color\":\"dark_green\"}']},CustomModelData:5101104,tsurv.trophy:1b}"
            }
          ]
        },
        {
          "type": "minecraft:item",
          "name": "minecraft:green_dye",
          "functions": [
            {
              "function": "minecraft:set_nbt",
              "tag": "{display:{Name:'{\"text\":\"Foxtail\",\"color\":\"white\",\"italic\":false}',Lore:['{\"text\":\"A form of wild barley that\",\"color\":\"gray\",\"italic\":false}','{\"text\":\"dominates grassy areas.\",\"color\":\"gray\",\"italic\":false}','{\"text\":\"- Liquid Exodus\",\"color\":\"dark_green\"}']},CustomModelData:5101103,tsurv.trophy:1b}"
            }
          ],
          "conditions": [
            {
              "condition": "minecraft:location_check",
              "predicate": {
                "biome": "minecraft:plains"
              }
            }
          ]
        },
        {
          "type": "minecraft:item",
          "name": "minecraft:stick",
          "functions": [
            {
              "function": "minecraft:set_nbt",
              "tag": "{display:{Name:'{\"text\":\"Stick of Destiny\",\"color\":\"white\",\"italic\":false}',Lore:['{\"text\":\"This stick has powers unseen...\",\"color\":\"gray\",\"italic\":false}','{\"text\":\"Probably because it has none.\",\"color\":\"gray\",\"italic\":false}','{\"text\":\"- Shouix\",\"color\":\"dark_green\"}']},CustomModelData:5101100,tsurv.trophy:1b}"
            }
          ]
        }
      ]
    }
  ]
}