{
    "type": "minecraft:fishing",
    "pools": [
      {
        "rolls": 1.0,
        "entries": [
          {
            "type": "minecraft:loot_table",
            "weight": 15,
            "name": "tsurvival:gameplay/fishing/uncommons"
          },
          {
            "type": "minecraft:loot_table",
            "conditions": [
              {
                "condition": "minecraft:entity_properties",
                "predicate": {
                  "fishing_hook": {
                    "in_open_water": true
                  }
                },
                "entity": "this"
              }
            ],
            "weight": 5,
            "name": "tsurvival:gameplay/fishing/rares"
          },
          {
            "type": "minecraft:loot_table",
            "weight": 80,
            "name": "tsurvival:gameplay/fishing/commons"
          }
        ]
      }
    ]
  }