{
    "display": {
        "title": {
            "text": "free polar bear"
        },
        "description": {
            "text": "Free polar bear from net"
        },
        "icon": {
            "item": "minecraft:air"
        },
        "frame": "task",
        "show_toast": false,
        "announce_to_chat": false,
        "hidden": true
    },
    "criteria": {
        "cutnet": {
            "trigger": "minecraft:player_hurt_entity",
            "conditions": {
                "entity": {
                    "type": "minecraft:polar_bear"
                },
                "damage": {
                    "type": {
                        "source_entity": {
                            "equipment": {
                                "mainhand": {
                                    "items": [
                                        "minecraft:shears"
                                    ]
                                }
                            }
                        }
                    }
                }
            }
        }
    },
    "rewards": {
        "function": "tsurvival:fishtraps/shears"
    }
}