{
    "display": {
        "title": {
            "text": "Amaeteur Angler",
            "color": "gold",
            "bold": false
        },
        "description": {
            "text": "Collect all seven common fishing trophies.",
            "color": "green",
            "italic": false
        },
        "icon": {
            "item": "minecraft:blue_dye",
            "nbt" : "{CustomModelData:5101107}"
        },
        "frame": "challenge",
        "show_toast": true,
        "announce_to_chat": true
    },
    "criteria": {
        "commons": {
            "trigger": "minecraft:inventory_changed",
            "conditions": {
                "items": [
                    {
                        "items": ["minecraft:flint"],
                        "nbt": "{tsurv.trophy:1b}"
                    },
                    {
                        "items": ["minecraft:blue_dye"],
                        "nbt": "{tsurv.trophy:1b}"
                    },
                    {
                        "items": ["minecraft:green_dye"],
                        "nbt": "{tsurv.trophy:1b}"
                    },
                    {
                        "items": ["minecraft:stick"],
                        "nbt": "{tsurv.trophy:1b}"
                    },
                    {
                        "items": ["minecraft:gray_dye"],
                        "nbt": "{tsurv.trophy:1b}"
                    },
                    {
                        "items": ["minecraft:glowstone_dust"],
                        "nbt": "{tsurv.trophy:1b}"
                    },
                    {
                        "items": ["minecraft:orange_dye"],
                        "nbt": "{tsurv.trophy:1b}"
                    }
                ]
            }
        }
    },
    "parent": "tsurvival:tsurv.start.0a.1a"
}