{
    "display": {
        "title": {
            "text": "creating crafter"
        },
        "description": {
            "text": "putting emerald in item frame on crafting table"
        },
        "icon": {
            "item": "minecraft:air"
        },
        "frame": "goal",
        "show_toast": false,
        "announce_to_chat": false,
        "hidden": true
    },
    "criteria": {
        "endchant": {
            "trigger": "minecraft:player_interacted_with_entity",
            "conditions": {
                "item": {
                    "items": [
                        "minecraft:emerald"
                    ]
                },
                "entity": {
                    "type": "minecraft:item_frame"
                }
            }
        }
    },
    "rewards": {
        "function": "tsurvival:crafter/detection"
    }
}