{
    "display": {
        "title": {
            "text": "Tough Prospects",
            "italic": true
        },
        "description": {
            "text": "Acquire an iron nugget from stone.",
            "italic": false
        },
        "icon": {
            "item": "minecraft:iron_nugget"
        },
        "frame": "task",
        "show_toast": true,
        "announce_to_chat": true,
        "hidden": false
    },
    "criteria": {
        "mining": {
            "trigger": "minecraft:inventory_changed",
            "conditions": {
                "items": [
                    {
                        "items": [
                            "minecraft:iron_nugget"
                        ]
                    }
                ]
            }
        }
    },
    "rewards": {
        "function": "tsurvival:advancement_rewards/iron_usage"
    },
    "parent": "tsurvival:tsurv.start.0a.1a"
}