{
    "display": {
        "title": {
            "text": "Hey, you. You're finally awake.",
            "color": "red",
            "italic": true
        },
        "description": {
            "text": "Experience REM sleep."
        },
        "icon": {
            "item": "minecraft:red_bed"
        },
        "frame": "task",
        "show_toast": true,
        "announce_to_chat": true,
        "hidden": false
    },
    "criteria": {
        "sleeping": {
            "trigger": "minecraft:slept_in_bed"
        }
    },
    "parent": "tsurvival:tsurv.start.0a.1a"
}