{
    "display": {
        "title": {
            "text": "parasites"
        },
        "description": {
            "text": "spawn silverfish upon killing stronghold mobs"
        },
        "icon": {
            "item": "minecraft:air"
        },
        "frame": "task",
        "show_toast": false,
        "announce_to_chat": false,
        "hidden": true
    },
    "criteria": {
        "bite": {
            "trigger": "minecraft:player_killed_entity",
            "conditions": {
                    "entity": {
                        "type": "#tsurvival:ts_infested"
                },
                "killing_blow": {
                    "source_entity": {
                        "location": {
                            "feature": "stronghold"
                        }
                    }
                }
            }
        }
    },
    "rewards": {
        "function": "tsurvival:hardermobs/silverfish/schedule"
    }
}