{
    "display": {
        "title": {
            "text": "diamondnerf"
        },
        "description": {
            "text": "Wearing diamond chestplates drains your hunger while attacking."
        },
        "icon": {
            "item": "minecraft:air"
        },
        "frame": "task",
        "show_toast": false,
        "announce_to_chat": false,
        "hidden": true
    },
    "criteria": {
        "armor1": {
            "trigger": "minecraft:player_hurt_entity",
            "conditions": {
                "damage": {
                    "source_entity": {
                        "equipment": {
                            "chest": {
                                "items": [
                                    "minecraft:diamond_chestplate"
                                ]
                            }
                        }
                    }
                }
            }
        }
    },
    "rewards": {
        "function": "tsurvival:armors/diamond_nerf"
    }
}