{
    "display": {
      "icon": {
        "item": "minecraft:air"
      },
      "title": {
        "text": "fishing"
      },
      "description": {
        "text": "Trigger for fishing trophies."
      },
      "background": "minecraft:textures/gui/advancements/backgrounds/stone.png",
      "frame": "challenge",
      "show_toast": false,
      "announce_to_chat": false,
      "hidden": true
    },
    "criteria": {
      "fishingtrophies": {
        "trigger": "minecraft:fishing_rod_hooked",
        "conditions": {
          "item": {}
        }
      }
    },
    "rewards": {
      "function": "tsurvival:trophies/detection"
    }
  }
  