{
    "display": {
      "icon": {
        "item": "minecraft:air"
      },
      "title": {
        "text": "cravings protein"
      },
      "description": {
        "text": "detecting for player eating craven protein."
      },
      "background": "minecraft:textures/gui/advancements/backgrounds/stone.png",
      "frame": "challenge",
      "show_toast": false,
      "announce_to_chat": false,
      "hidden": true
    },
    "criteria": {
      "fishingtrophies": {
        "trigger": "minecraft:consume_item",
        "conditions": {
          "player": {
            "nbt": "{Tags:[\"tsurv.cravingp\"]}"
          },
          "item": {
            "tag": "tsurvival:cravings/protein"
          }
        }
      }
    },
    "rewards": {
      "function": "tsurvival:sleep/cravings/effects/protein"
    }
  }
  