{
    "display": {
        "title": {
            "text": "Warm your boots by the fire...",
            "color": "gold",
            "italic": true
        },
        "description": {
            "text": "Craft a campfire."
        },
        "icon": {
            "item": "minecraft:campfire"
        },
        "frame": "task",
        "show_toast": true,
        "announce_to_chat": true,
        "hidden": false
    },
    "criteria": {
        "craftcampfire": {
            "trigger": "minecraft:inventory_changed",
            "conditions": {
                "items": [
                    {
                        "items": [
                            "minecraft:campfire"
                        ]
                    }
                ]
            }
        }
    },
    "parent": "tsurvival:tsurv.root.0x.0a"
}