{
    "display": {
        "title": {
            "text": "Mobile Infirmary",
            "color": "red",
            "italic": true
        },
        "description": {
            "text": "Acquire a healing salve!"
        },
        "icon": {
            "item": "minecraft:beetroot_soup",
            "nbt": "{CustomModelData:5101001}"
        },
        "frame": "task",
        "show_toast": true,
        "announce_to_chat": true,
        "hidden": false
    },
    "criteria": {
        "craftsalve": {
            "trigger": "minecraft:inventory_changed",
            "conditions": {
                "items": [
                    {
                        "items": [
                            "minecraft:beetroot_soup"
                        ],
                        "nbt": "{tsurv.salve:1b}"
                    }
                ]
            }
        }
    },
    "parent": "tsurvival:tsurv.key.1a.2a"
}