{
    "display": {
        "title": {
            "text": "Drums, drums in the deep.",
            "color": "red",
            "italic": true
        },
        "description": {
            "text": "Enter the deepest part of Minecraft."
        },
        "icon": {
            "item": "minecraft:skeleton_skull"
        },
        "frame": "task",
        "show_toast": true,
        "announce_to_chat": true,
        "hidden": false
    },
    "criteria": {
        "enteringdeep": {
            "trigger": "minecraft:location",
            "conditions": {
                "dimension": "overworld",
                "position": {
                    "y": {
                        "min": -64,
                        "max": 0
                    }
                }
            }
        }
    },
    "parent": "tsurvival:tsurv.key.2a.3b"
}