{
    "display": {
        "title": {
            "text": "shieldnerf"
        },
        "description": {
            "text": "Gives hunger when not projectile"
        },
        "icon": {
            "item": "minecraft:air"
        },
        "frame": "task",
        "show_toast": false,
        "announce_to_chat": false,
        "hidden": true
    },
    "criteria": {
        "bite": {
            "trigger": "minecraft:entity_hurt_player",
            "conditions": {
                "damage": {
                    "type": {
                        "is_projectile": false
                    },
                    "blocked": true
                }
            }
        }
    },
    "rewards": {
        "function": "tsurvival:shield/detection"
    }
}