{
    "display": {
        "title": {
            "text": "EndChanted",
            "color": "gold",
            "bold": true,
            "italic": true
        },
        "description": {
            "text": "Defeat the dragon. Return home. Celebrate."
        },
        "icon": {
            "item": "minecraft:enchanted_golden_apple"
        },
        "frame": "challenge",
        "show_toast": true,
        "announce_to_chat": true,
        "hidden": false
    },
    "criteria": {
        "dragon": {
            "trigger": "minecraft:impossible"
        }
    },
    "parent": "tsurvival:tsurv.key.2a.3a"
}