{
    "display": {
        "title": {
            "text": "Immortal Angler",
            "color": "gold",
            "bold": false
        },
        "description": {
            "text": "Collect all three rare fishing trophies.",
            "color": "green",
            "italic": false
        },
        "icon": {
            "item": "minecraft:written_book",
            "nbt" : "{CustomModelData:5101106}"
        },
        "frame": "challenge",
        "show_toast": true,
        "announce_to_chat": true
    },
    "criteria": {
        "commons": {
            "trigger": "minecraft:inventory_changed",
            "conditions": {
                "items": [
                    {
                        "items": ["minecraft:yellow_dye"],
                        "nbt": "{tsurv.trophy:1b}"
                    },
                    {
                        "items": ["minecraft:brown_dye"],
                        "nbt": "{tsurv.trophy:1b}"
                    },
                    {
                        "items": ["minecraft:written_book"],
                        "nbt": "{tsurv.trophy:1b}"
                    }
                ]
            }
        }
    },
    "parent": "tsurvival:tsurv.fish.2a.3a"
}