{
    "display": {
        "title": {
            "text": "spectrals"
        },
        "description": {
            "text": "Spectral arrow weakness"
        },
        "icon": {
            "item": "minecraft:air"
        },
        "frame": "task",
        "show_toast": false,
        "announce_to_chat": false,
        "hidden": true
    },
    "criteria": {
        "spectral": {
            "trigger": "minecraft:player_hurt_entity",
            "conditions": {
                "entity": {
                    "type": "#tsurvival:ts_spectrals"
                },
                "damage": {
                    "type": {
                        "is_projectile": true,
                        "direct_entity": {
                            "type": "minecraft:spectral_arrow"
                        }
                    }
                }
            }
        }
    },
    "rewards": {
        "function": "tsurvival:hardermobs/spectrals/detection"
    }
}