{
    "display": {
        "title": {
            "text": "The Beholder Of The Eye",
            "color": "dark_green",
            "italic": true
        },
        "description": {
            "text": "Use an emerald to craft an eye of ender."
        },
        "icon": {
            "item": "minecraft:ender_eye"
        },
        "frame": "task",
        "show_toast": true,
        "announce_to_chat": true,
        "hidden": false
    },
    "criteria": {
        "eye": {
            "trigger": "minecraft:inventory_changed",
            "conditions": {
                "items": [
                    {
                        "items": ["minecraft:ender_eye"]
                    }
                ]
            }
        }
    },
    "parent": "tsurvival:tsurv.end.1a.2a"
}