{
    "display": {
        "title": {
            "text": "Follow the emerald road!",
            "color": "dark_green",
            "italic": true
        },
        "description": {
            "text": "Acquire your first emerald."
        },
        "icon": {
            "item": "minecraft:emerald"
        },
        "frame": "task",
        "show_toast": true,
        "announce_to_chat": true,
        "hidden": false
    },
    "criteria": {
        "emeralds": {
            "trigger": "minecraft:inventory_changed",
            "conditions": {
                "items": [
                    {
                        "items": [
                            "minecraft:emerald"
                        ]
                    }
                ]
            }
        }
    },
    "parent": "tsurvival:tsurv.start.0a.1a"
}