{
    "display": {
        "title": {
            "text": "Take back the night!",
            "color": "red",
            "italic": true
        },
        "description": {
            "text": "Upgrade your lights."
        },
        "icon": {
            "item": "minecraft:jack_o_lantern"
        },
        "frame": "task",
        "show_toast": true,
        "announce_to_chat": true,
        "hidden": false
    },
    "criteria": {
        "jackolantern": {
            "trigger": "minecraft:inventory_changed",
            "conditions": {
                "items": [
                    {
                        "items": [
                            "minecraft:jack_o_lantern"
                        ]
                    }
                ]
            }
        },
		"candles": {
            "trigger": "minecraft:inventory_changed",
            "conditions": {
                "items": [
                    {
                        "tag": "minecraft:candles"
                    }
                ]
            }
        },
        "glowstone": {
            "trigger": "minecraft:inventory_changed",
            "conditions": {
                "items": [
                    {
                        "items": ["minecraft:glowstone"]
                    }
                ]
            }
        },
        "sealantern": {
            "trigger": "minecraft:inventory_changed",
            "conditions": {
                "items": [
                    {
                        "items": ["minecraft:sea_lantern"]
                    }
                ]
            }
        },
        "lantern": {
            "trigger": "minecraft:inventory_changed",
            "conditions": {
                "items": [
                    {
                        "items": ["minecraft:lantern"]
                    }
                ]
            }
        },
        "seapickle": {
            "trigger": "minecraft:inventory_changed",
            "conditions": {
                "items": [
                    {
                        "items": ["minecraft:sea_pickle"]
                    }
                ]
            }
        },
        "soultorch": {
            "trigger": "minecraft:inventory_changed",
            "conditions": {
                "items": [
                    {
                        "items": ["minecraft:soul_torch"]
                    }
                ]
            }
        }
    },
	"requirements": [
        [
            "soultorch",
            "seapickle",
            "lantern",
            "glowstone",
			"sealantern",
			"jackolantern",
			"candles"
        ]
    ],
    "parent": "tsurvival:tsurv.key.1a.2a"
}