{
    "display": {
        "title": {
            "text": "endchantinvis"
        },
        "description": {
            "text": "command structure for endchanting"
        },
        "icon": {
            "item": "minecraft:air"
        },
        "frame": "task",
        "show_toast": false,
        "announce_to_chat": false,
        "hidden": true
    },
    "criteria": {
        "endchant": {
            "trigger": "minecraft:consume_item",
            "conditions": {
                "item": {
                    "items": [
                        "minecraft:enchanted_golden_apple"
                    ],
                    "nbt": "{tsurv.endchant:1b}"
                }
            }
        }
    },
    "rewards": {
        "function": "tsurvival:endchanted/detection"
    }
}