{
  "pools": [
    {
      "rolls": 1,
      "entries": [
        {
          "type": "minecraft:item",
          "weight": 20,
          "name": "minecraft:ender_pearl",
          "functions": [
            {
              "function": "minecraft:set_count",
              "count": {
                "min": 4,
                "max": 8,
				"type": "minecraft:uniform"
              }
            }
          ]
        },
        {
          "type": "minecraft:item",
          "weight": 5,
          "name": "minecraft:diamond_boots",
          "functions": [
            {
              "function": "minecraft:enchant_randomly",
              "enchantments": [
                "minecraft:soul_speed"
              ]
            }
          ]
        },
        {
          "type": "minecraft:item",
          "weight": 15,
          "name": "minecraft:emerald",
          "functions": [
            {
              "function": "minecraft:set_count",
              "count": {
                "min": 3,
                "max": 6,
				"type": "minecraft:uniform"
              }
            }
          ]
        },
        {
          "type": "minecraft:item",
          "weight": 15,
          "name": "minecraft:cooked_porkchop",
          "functions": [
            {
              "function": "minecraft:set_count",
              "count": {
                "min": 3,
                "max": 6,
				"type": "minecraft:uniform"
              }
            }
          ]
        },
        {
          "type": "minecraft:item",
          "weight": 20,
          "name": "minecraft:leather",
          "functions": [
            {
              "function": "minecraft:set_count",
              "count": {
                "min": 6,
                "max": 10,
				"type": "minecraft:uniform"
              }
            }
          ]
        },
        {
          "type": "minecraft:item",
          "weight": 5,
          "name": "minecraft:ancient_debris",
          "functions": [
            {
              "function": "minecraft:set_count",
              "count": {
                "min": 1,
                "max": 2,
				"type": "minecraft:uniform"
              }
            }
          ]
        },
        {
          "type": "minecraft:item",
          "weight": 15,
          "name": "minecraft:beetroot_soup",
          "functions": [
            {
              "function": "minecraft:set_nbt",
              "tag": "{display:{Name:'{\"text\":\"Healing Salve\",\"color\":\"aqua\",\"bold\":false,\"italic\":false}',Lore:['{\"text\":\"Put into offhand to heal.\",\"color\":\"gray\",\"italic\":true}']},CustomModelData:5101001,tsurv.salve:1b}"
            }
          ]
        },
        {
          "type": "minecraft:item",
		  "weight": 5,
          "name": "minecraft:diamond_shovel",
          "functions": [
            {
              "function": "minecraft:enchant_with_levels",
              "levels": {
                "min": 5,
                "max": 10
              }
            }
          ]
        }
      ]
    }
  ]
}