{
  "pools": [
    {
      "rolls": 1,
      "entries": [
        {
          "type": "minecraft:item",
          "weight": 50,
          "name": "minecraft:string",
          "functions": [
            {
              "function": "minecraft:set_count",
              "count": {
                "type": "minecraft:uniform",
                "min": 2,
                "max": 3
              }
            }
          ]
        },
        {
          "type": "minecraft:item",
          "weight": 25,
          "name": "minecraft:phantom_membrane",
          "functions": [
            {
              "function": "minecraft:set_nbt",
              "tag": "{display:{Name:'{\"text\":\"Fishing Net\",\"color\":\"light_purple\",\"bold\":false,\"italic\":false}',Lore:['{\"text\":\"Used to make a fish trap.\",\"color\":\"gray\",\"italic\":true}']},CustomModelData:5101003,tsurv.net:1b}"
            }
          ]
        }
      ]
    }
  ]
}