{
    "pools": [
      {
        "rolls": {
          "min": 20,
          "max": 26
        },
        "entries": [
          {
            "type": "minecraft:item",
            "name": "minecraft:jungle_log",
            "functions": [
              {
                "function": "minecraft:set_count",
                "count": {
                  "type": "minecraft:uniform",
                  "min": 48,
                  "max": 64
                }
              }
            ]
          }
        ]
      }
    ]
  }