{
  "pools": [
    {
      "rolls": 1,
      "entries": [
        {
          "type": "minecraft:item",
          "name": "minecraft:iron_sword",
          "functions": [
            {
              "function": "minecraft:enchant_with_levels",
              "levels": 26
            }
          ]
        },
        {
          "type": "minecraft:item",
          "name": "minecraft:nautilus_shell",
          "functions": [
            {
              "function": "minecraft:set_count",
              "count": {
                "min": 1,
                "max": 2,
				"type": "minecraft:uniform"
              }
            },
            {
              "function": "minecraft:set_nbt",
              "tag": "{display:{Name:'{\"text\":\"War Horn\",\"color\":\"aqua\",\"bold\":false,\"italic\":false}',Lore:['{\"text\":\"Put into offhand to sound the horn.\",\"color\":\"gray\",\"italic\":true}']},CustomModelData:5101002,tsurv.horn:1b}"
            }
          ]
        },
        {
          "type": "minecraft:item",
          "name": "minecraft:gold_ingot",
          "functions": [
            {
              "function": "minecraft:set_count",
              "count": {
                "type": "minecraft:uniform",
                "min": 3,
                "max": 6
              }
            }
          ]
        },
        {
          "type": "minecraft:item",
          "name": "minecraft:emerald",
          "functions": [
            {
              "function": "minecraft:set_count",
              "count": {
                "type": "minecraft:uniform",
                "min": 5,
                "max": 9
              }
            }
          ]
        },
        {
          "type": "minecraft:item",
          "name": "minecraft:shield",
          "functions": [
            {
              "function": "minecraft:set_enchantments",
              "enchantments": {
                "minecraft:unbreaking": 2
              }
            }
          ]
        },
        {
          "type": "minecraft:item",
          "name": "minecraft:obsidian",
          "functions": [
            {
              "function": "minecraft:set_count",
              "count": 8
            }
          ]
        }
      ]
    }
  ]
}