{
  "pools": [
    {
      "rolls": 2,
      "entries": [
        {
          "type": "minecraft:item",
          "name": "minecraft:dirt",
          "weight": 3,
          "functions": [
            {
              "function": "minecraft:limit_count",
              "limit": {
                "min": 1,
                "max": 2
              }
            }
          ]
        },
        {
          "type": "minecraft:item",
          "name": "minecraft:podzol",
          "weight": 1,
          "functions": [
            {
              "function": "minecraft:limit_count",
              "limit": {
                "min": 1,
                "max": 1
              }
            }
          ]
        }
      ]
    }
  ]
}