{
    "pools": [
        {
            "rolls": {
                "min": 2,
                "max": 8
            },
            "entries": [
                {
                    "type": "item",
                    "name": "minecraft:apple",
                    "weight": 15,
                    "functions": [
                        {
                            "function": "minecraft:set_count",
                            "count": {
                                "min": 1,
                                "max": 3
                            }
                        }
                    ]
                },
                {
                    "type": "item",
                    "name": "minecraft:coal",
                    "weight": 15,
                    "functions": [
                        {
                            "function": "minecraft:set_count",
                            "count": {
                                "min": 1,
                                "max": 4
                            }
                        }
                    ]
                },
                {
                    "type": "item",
                    "name": "minecraft:gold_nugget",
                    "weight": 10,
                    "functions": [
                        {
                            "function": "minecraft:set_count",
                            "count": {
                                "min": 1,
                                "max": 3
                            }
                        }
                    ]
                },
                {
                    "type": "item",
                    "name": "minecraft:enchanted_book",
                    "weight": 9,
                    "functions": [
                        {
                         "function": "set_nbt",
                         "tag": "{StoredCustomEnchantments:[{id:\"AutoSmelt\",lvl:1}],display:{Lore:[\"{\\\"text\\\":\\\"Auto-Smelt\\\",\\\"color\\\":\\\"gray\\\",\\\"italic\\\":false}\"]}}"
                        }
                    ]
                },
                {
                    "type": "item",
                    "name": "minecraft:enchanted_book",
                    "weight": 9,
                    "functions": [
                        {
                         "function": "set_nbt",
                         "tag": "{StoredCustomEnchantments:[{id:\"Explosive\",lvl:1}],display:{Lore:[\"{\\\"text\\\":\\\"Explosive\\\",\\\"color\\\":\\\"gray\\\",\\\"italic\\\":false}\"]}}"
                        }
                    ]
                },
                {
                    "type": "item",
                    "name": "minecraft:stone_axe",
                    "weight": 2
                },
                {
                    "type": "item",
                    "name": "minecraft:rotten_flesh",
                    "weight": 10
                },
                {
                    "type": "item",
                    "name": "minecraft:emerald",
                    "weight": 1
                },
                {
                    "type": "item",
                    "name": "minecraft:wheat",
                    "weight": 10,
                    "functions": [
                        {
                            "function": "minecraft:set_count",
                            "count": {
                                "min": 2,
                                "max": 3
                            }
                        }
                    ]
                }
            ]
        },
        {
            "rolls": 1,
            "entries": [
                {
                    "type": "item",
                    "name": "minecraft:golden_apple",
                    "weight": 1
                }
            ]
        }
    ]
}