{
  "criteria": {
    "requirement": {
      "trigger": "minecraft:item_used_on_block",
      "conditions": {
        "item": {
          "items": [
            "minecraft:wooden_hoe",
            "minecraft:stone_hoe",
            "minecraft:iron_hoe",
            "minecraft:golden_hoe",
            "minecraft:diamond_hoe",
            "minecraft:netherite_hoe"
          ],
          "nbt": "{CustomEnchantments:{GrandTilling:1}}"
        }
      }
    }
  },
  "rewards": {
    "function": "enchantplus:result/grand_tilling/ini"
  }
}