{
  "criteria": {
    "requirement": {
      "trigger": "minecraft:item_used_on_block",
      "conditions": {
        "item": {
          "items": [
            "minecraft:wooden_shovel",
            "minecraft:stone_shovel",
            "minecraft:iron_shovel",
            "minecraft:golden_shovel",
            "minecraft:diamond_shovel",
            "minecraft:netherite_shovel"
          ],
          "nbt": "{CustomEnchantments:{BigPath:1}}"
        }
      }
    }
  },
  "rewards": {
    "function": "enchantplus:result/big_path/ini"
  }
}