{
  "replace": false,
  "values": [
    {"required": false, "id": "farmersdelight:stuffed_pumpkin"},
    {"required": false, "id": "farmersdelight:cooked_rice"},
    {"required": false, "id": "farmersdelight:squid_ink_pasta"},
    {"required": false, "id": "farmersdelight:pasta_with_mutton_chop"},
    {"required": false, "id": "farmersdelight:pasta_with_meatballs"},
    {"required": false, "id": "farmersdelight:fried_rice"},
    {"required": false, "id": "farmersdelight:apple_pie_slice"},
    {"required": false, "id": "farmersdelight:sweet_berry_cheesecake_slice"},
    {"required": false, "id": "farmersdelight:chocolate_pie_slice"},
    {"required": false, "id": "farmersdelight:sweet_berry_cookie"},
    {"required": false, "id": "farmersdelight:honey_cookie"},
    {"required": false, "id": "farmersdelight:egg_sandwich"},
    {"required": false, "id": "farmersdelight:chicken_sandwich"},
    {"required": false, "id": "farmersdelight:hamburger"},
    {"required": false, "id": "farmersdelight:bacon_sandwich"},
    {"required": false, "id": "farmersdelight:mutton_wrap"},
    {"required": false, "id": "farmersdelight:dumplings"},
    {"required": false, "id": "farmersdelight:roasted_mutton_chops"},
    {"required": false, "id": "farmersdelight:vegetable_noodles"},
    {"required": false, "id": "farmersdelight:steak_and_potatoes"},
    {"required": false, "id": "farmersdelight:roast_chicken"},
    {"required": false, "id": "farmersdelight:honey_glazed_ham"},
    {"required": false, "id": "farmersdelight:dog_food"},
    {"required": false, "id": "farmersdelight:sweet_roll"},
    {"required": false, "id": "create:sweet_roll"},
    "minecraft:bread",
    "minecraft:cake",
    "minecraft:pumpkin_pie",
    "minecraft:cookie",
    "minecraft:baked_potato"
  ]
}