{
  "replace": false,
  "values": [
    {"required": false, "id": "farmersdelight:test"},
    {"required": false, "id": "farmersdelight:stuffed_pumpkin"},
    {"required": false, "id": "farmersdelight:tomato_sauce"},
    {"required": false, "id": "farmersdelight:pumpkin_slice"},
    {"required": false, "id": "farmersdelight:squid_ink_pasta"},
    {"required": false, "id": "farmersdelight:pasta_with_mutton_chop"},
    {"required": false, "id": "farmersdelight:pasta_with_meatballs"},
    {"required": false, "id": "farmersdelight:tomato"},
    {"required": false, "id": "farmersdelight:hot_cocoa"},
    {"required": false, "id": "farmersdelight:apple_pie_slice"},
    {"required": false, "id": "farmersdelight:sweet_berry_cheesecake_slice"},
    {"required": false, "id": "farmersdelight:chocolate_pie_slice"},
    {"required": false, "id": "farmersdelight:sweet_berry_cookie"},
    {"required": false, "id": "farmersdelight:melon_popsicle"},
    {"required": false, "id": "farmersdelight:fruit_salad"},
    {"required": false, "id": "farmersdelight:mixed_salad"},
    {"required": false, "id": "farmersdelight:barbecue_stick"},
    {"required": false, "id": "farmersdelight:hamburger"},
    {"required": false, "id": "farmersdelight:bacon_sandwich"},
    {"required": false, "id": "farmersdelight:mutton_wrap"},
    {"required": false, "id": "farmersdelight:fish_stew"},
    {"required": false, "id": "farmersdelight:pumpkin_soup"},
    {"required": false, "id": "farmersdelight:baked_cod_stew"},
    {"required": false, "id": "farmersdelight:roasted_mutton_chops"},
    {"required": false, "id": "farmersdelight:ratatouille"},
    {"required": false, "id": "farmersdelight:grilled_salmon"},
    {"required": false, "id": "farmersdelight:honey_glazed_ham"},
    {"required": false, "id": "farmersdelight:chocolate_glazed_berries"},
    {"required": false, "id": "farmersdelight:honeyed_apple"},
    {"required": false, "id": "create:chocolate_glazed_berries"},
    {"required": false, "id": "create:honeyed_apple"},
    "minecraft:enchanted_golden_apple",
    "minecraft:glow_berries",
    "minecraft:pumpkin_pie",
    "minecraft:sweet_berries",
    "minecraft:golden_apple",
    "minecraft:apple",
    "minecraft:melon_slice",
    "minecraft:cookie",
    "minecraft:chorus_fruit"
  ]
}