{
  "replace": false,
  "values": [

    {"required": false, "id": "farmersdelight:stuffed_pumpkin"},
    {"required": false, "id": "farmersdelight:tomato_sauce"},
    {"required": false, "id": "farmersdelight:squid_ink_pasta"},
    {"required": false, "id": "farmersdelight:pasta_with_mutton_chop"},
    {"required": false, "id": "farmersdelight:pasta_with_meatballs"},
    {"required": false, "id": "farmersdelight:milk_bottle"},
    {"required": false, "id": "farmersdelight:hot_cocoa"},
    {"required": false, "id": "farmersdelight:honey_cookie"},
    {"required": false, "id": "farmersdelight:melon_popsicle"},
    {"required": false, "id": "farmersdelight:beef_stew"},
    {"required": false, "id": "farmersdelight:chicken_soup"},
    {"required": false, "id": "farmersdelight:vegetable_soup"},
    {"required": false, "id": "farmersdelight:fish_stew"},
    {"required": false, "id": "farmersdelight:pumpkin_soup"},
    {"required": false, "id": "farmersdelight:baked_cod_stew"},
    {"required": false, "id": "farmersdelight:honey_glazed_ham"},
    {"required": false, "id": "farmersdelight:builders_tea"},
    {"required": false, "id": "farmersdelight:sweet_roll"},
    {"required": false, "id": "farmersdelight:chocolate_glazed_berries"},
    {"required": false, "id": "farmersdelight:honeyed_apple"},
    {"required": false, "id": "create:builders_tea"},
    {"required": false, "id": "create:sweet_roll"},
    {"required": false, "id": "create:chocolate_glazed_berries"},
    {"required": false, "id": "create:honeyed_apple"},
    "minecraft:mushroom_stew",
    "minecraft:rabbit_stew",
    "minecraft:suspicious_stew",
    "minecraft:milk_bucket",
    "minecraft:honey_bottle",
    "minecraft:beetroot_soup"
  ]
}