{
  "replace": false,
  "values": [
    {"required": false, "id": "farmersdelight:test"},
    {"required": false, "id": "farmersdelight:squid_ink_pasta"},
    {"required": false, "id": "farmersdelight:pasta_with_mutton_chop"},
    {"required": false, "id": "farmersdelight:pasta_with_meatballs"},
    {"required": false, "id": "farmersdelight:fried_rice"},
    {"required": false, "id": "farmersdelight:milk_bottle"},
    {"required": false, "id": "farmersdelight:salmon_slice"},
    {"required": false, "id": "farmersdelight:cooked_salmon_slice"},
    {"required": false, "id": "farmersdelight:cod_slice"},
    {"required": false, "id": "farmersdelight:cooked_cod_slice"},
    {"required": false, "id": "farmersdelight:bacon"},
    {"required": false, "id": "farmersdelight:cooked_bacon"},
    {"required": false, "id": "farmersdelight:chicken_cuts"},
    {"required": false, "id": "farmersdelight:cooked_chicken_cuts"},
    {"required": false, "id": "farmersdelight:minced_beef"},
    {"required": false, "id": "farmersdelight:beef_patty"},
    {"required": false, "id": "farmersdelight:mutton_chops"},
    {"required": false, "id": "farmersdelight:cooked_mutton_chops"},
    {"required": false, "id": "farmersdelight:ham"},
    {"required": false, "id": "farmersdelight:smoked_ham"},
    {"required": false, "id": "farmersdelight:barbecue_stick"},
    {"required": false, "id": "farmersdelight:egg_sandwich"},
    {"required": false, "id": "farmersdelight:chicken_sandwich"},
    {"required": false, "id": "farmersdelight:hamburger"},
    {"required": false, "id": "farmersdelight:bacon_sandwich"},
    {"required": false, "id": "farmersdelight:mutton_wrap"},
    {"required": false, "id": "farmersdelight:dumplings"},
    {"required": false, "id": "farmersdelight:stuffed_potato"},
    {"required": false, "id": "farmersdelight:cabbage_rolls"},
    {"required": false, "id": "farmersdelight:beef_stew"},
    {"required": false, "id": "farmersdelight:chicken_soup"},
    {"required": false, "id": "farmersdelight:fish_stew"},
    {"required": false, "id": "farmersdelight:pumpkin_soup"},
    {"required": false, "id": "farmersdelight:baked_cod_stew"},
    {"required": false, "id": "farmersdelight:roasted_mutton_chops"},
    {"required": false, "id": "farmersdelight:steak_and_potatoes"},
    {"required": false, "id": "farmersdelight:grilled_salmon"},
    {"required": false, "id": "farmersdelight:roast_chicken"},
    {"required": false, "id": "farmersdelight:honey_glazed_ham"},
    {"required": false, "id": "farmersdelight:shepherds_pie"},
    {"required": false, "id": "farmersdelight:dog_food"},
    "minecraft:cooked_beef",
    "minecraft:cooked_cod",
    "minecraft:cooked_salmon",
    "minecraft:cooked_porkchop",
    "minecraft:cooked_chicken",
    "minecraft:rabbit_stew",
    "minecraft:cooked_rabbit",
    "minecraft:cooked_mutton"
  ]
}