{
  "replace": false,
  "values": [
    {"required": false, "id": "farmersdelight:stuffed_pumpkin"},
    {"required": false, "id": "farmersdelight:cabbage"},
    {"required": false, "id": "farmersdelight:onion"},
    {"required": false, "id": "farmersdelight:fried_rice"},
    {"required": false, "id": "farmersdelight:cabbage_leaf"},
    {"required": false, "id": "farmersdelight:mixed_salad"},
    {"required": false, "id": "farmersdelight:barbecue_stick"},
    {"required": false, "id": "farmersdelight:chicken_sandwich"},
    {"required": false, "id": "farmersdelight:hamburger"},
    {"required": false, "id": "farmersdelight:bacon_sandwich"},
    {"required": false, "id": "farmersdelight:mutton_wrap"},
    {"required": false, "id": "farmersdelight:dumplings"},
    {"required": false, "id": "farmersdelight:stuffed_potato"},
    {"required": false, "id": "farmersdelight:cabbage_rolls"},
    {"required": false, "id": "farmersdelight:beef_stew"},
    {"required": false, "id": "farmersdelight:chicken_soup"},
    {"required": false, "id": "farmersdelight:vegetable_soup"},
    {"required": false, "id": "farmersdelight:fish_stew"},
    {"required": false, "id": "farmersdelight:pumpkin_soup"},
    {"required": false, "id": "farmersdelight:baked_cod_stew"},
    {"required": false, "id": "farmersdelight:roasted_mutton_chops"},
    {"required": false, "id": "farmersdelight:vegetable_noodles"},
    {"required": false, "id": "farmersdelight:steak_and_potatoes"},
    {"required": false, "id": "farmersdelight:ratatouille"},
    {"required": false, "id": "farmersdelight:grilled_salmon"},
    {"required": false, "id": "farmersdelight:roast_chicken"},
    {"required": false, "id": "farmersdelight:shepherds_pie"},
    {"required": false, "id": "farmersdelight:builders_tea"},
    {"required": false, "id": "create:builders_tea"},
    "minecraft:beetroot_soup",
    "minecraft:suspicious_stew",
    "minecraft:mushroom_stew",
    "minecraft:baked_potato",
    "minecraft:dried_kelp",
    "minecraft:rabbit_stew",
    "minecraft:golden_carrot",
    "minecraft:carrot",
    "minecraft:potato"
  ]
}