{
    "type": "minecraft:block",
    "pools": [
      {
        "rolls": 1,
        "bonus_rolls": 0,
        "entries": [
          {
            "type": "minecraft:alternatives",
            "children": [
              {
                "type": "minecraft:item",
                "name": "minecraft:jungle_planks",
                "functions": [
                  {
                    "function": "minecraft:set_count",
                    "count": {
                      "min": 3,
                      "max": 4
                    }
                  },
                  {
                    "function": "minecraft:apply_bonus",
                    "enchantment": "minecraft:fortune",
                    "formula": "minecraft:ore_drops"
                  }
                ],
                "conditions": [
                  {
                    "condition": "minecraft:match_tool",
                    "predicate": {
                      "enchantments": [
                        {
                          "enchantment": "minecraft:fortune"
                        }
                      ]
                    }
                  }
                ]
              },
              {
                "type": "minecraft:item",
                "name": "minecraft:jungle_log",
                "conditions": [
                  {
                    "condition": "minecraft:survives_explosion"
                  }
                ]
              }
            ]
          }
        ]
      }
    ]
  }