{
  "pools": [
    {
      "rolls": 1,
      "entries": [
        {
          "type": "minecraft:alternatives",
          "children": [
            {
              "type": "minecraft:loot_table",
              "name": "tsurvival:gameplay/loot_bundles/mansion",
              "conditions": [
                {
                  "condition": "minecraft:location_check",
                  "predicate": {
                    "feature": "mansion",
                    "dimension": "minecraft:overworld"
                  }
                }
              ]
            },
            {
              "type": "minecraft:loot_table",
              "name": "tsurvival:gameplay/loot_bundles/mineshaft",
              "conditions": [
                {
                  "condition": "minecraft:location_check",
                  "predicate": {
                    "feature": "mineshaft",
                    "dimension": "minecraft:overworld"
                  }
                }
              ]
            },
            {
              "type": "minecraft:loot_table",
              "name": "tsurvival:gameplay/loot_bundles/stronghold",
              "conditions": [
                {
                  "condition": "minecraft:location_check",
                  "predicate": {
                    "feature": "stronghold",
                    "dimension": "minecraft:overworld"
                  }
                }
              ]
            },
            {
              "type": "minecraft:loot_table",
              "name": "tsurvival:gameplay/loot_bundles/overworld",
              "conditions": [
                {
                  "condition": "minecraft:location_check",
                  "predicate": {
                    "dimension": "minecraft:overworld"
                  }
                }
              ]
            }
          ]
        }
      ]
    },
    {
      "rolls": 1,
      "entries": [
        {
          "type": "minecraft:alternatives",
          "children": [
            {
              "type": "minecraft:loot_table",
              "name": "tsurvival:gameplay/loot_bundles/fortress",
              "conditions": [
                {
                  "condition": "minecraft:location_check",
                  "predicate": {
                    "feature": "fortress",
                    "dimension": "minecraft:the_nether"
                  }
                }
              ]
            },
            {
              "type": "minecraft:loot_table",
              "name": "tsurvival:gameplay/loot_bundles/bastion",
              "conditions": [
                {
                  "condition": "minecraft:location_check",
                  "predicate": {
                    "feature": "bastion_remnant",
                    "dimension": "minecraft:the_nether"
                  }
                }
              ]
            },
            {
              "type": "minecraft:loot_table",
              "name": "tsurvival:gameplay/loot_bundles/nether",
              "conditions": [
                {
                  "condition": "minecraft:location_check",
                  "predicate": {
                    "dimension": "minecraft:the_nether"
                  }
                }
              ]
            }
          ]
        }
      ]
    },
    {
      "rolls": 1,
      "entries": [
        {
          "type": "minecraft:alternatives",
          "children": [
            {
              "type": "minecraft:loot_table",
              "name": "tsurvival:gameplay/loot_bundles/end",
              "conditions": [
                {
                  "condition": "minecraft:location_check",
                  "predicate": {
                    "dimension": "minecraft:the_end"
                  }
                }
              ]
            }
          ]
        }
      ]
    }
  ]
}
