{
  "pools": [
    {
      "rolls": 1,
      "entries": [
        {
          "type": "minecraft:item",
          "name": "minecraft:map",
          "functions": [
            {
              "function": "minecraft:exploration_map",
              "destination": "fortress"
            },
            {
              "function": "minecraft:set_name",
              "name": {
                "text": "Infernal Explorer Map"
              }
            }
          ]
        },
        {
          "type": "minecraft:item",
          "name": "minecraft:map",
          "functions": [
            {
              "function": "minecraft:exploration_map",
              "destination": "bastion_remnant"
            },
            {
              "function": "minecraft:set_name",
              "name": {
                "text": "Gilded Explorer Map"
              }
            }
          ]
        }
      ]
    }
  ]
}
