{
  "pools": [
    {
      "rolls": 1,
      "entries": [
        {
          "type": "item",
          "name": "minecraft:diamond_hoe",
          "weight": 1,
          "functions": [
            {
              "function": "enchant_with_levels",
              "treasure": true,
              "levels": {
                "min": 20,
                "max": 30
              },
              "conditions": [
                {
                  "condition": "random_chance",
                  "chance": 0.75
                }
              ]
            }
          ]
        }
      ]
    }
  ]
}