{
  "type": "minecraft:advancement_reward",
  "pools": [
    {
      "rolls": 1,
      "entries": [
        {
          "type": "minecraft:item",
          "name": "minecraft:written_book",
          "functions": [
            {
              "function": "minecraft:set_nbt",
              "tag": "{display:{Name:'{\"text\":\"The Dev Diary\",\"color\":\"light_purple\",\"italic\":false}'},CustomModelData:5101000,tsurv.guide:1b,title:\"\",author:\"Devon's Desk\",generation:0,pages:['[{\"text\":\"----Premise----\",\"bold\":true},{\"text\":\"\\\\nThis datapack aims to do a few things:\",\"color\":\"dark_red\",\"bold\":false},{\"text\":\"\\\\n1)Increase difficulty.\",\"bold\":false},{\"text\":\"\\\\n2)Introduce new, integrated mechanics.\",\"bold\":false},{\"text\":\"\\\\n3)Improve QOL...\",\"bold\":false},{\"text\":\"\\\\n -All while not disrupting sandbox vanilla gameplay!\",\"bold\":false},{\"text\":\"\\\\nWelcome to:\",\"italic\":true},{\"text\":\"\\\\nTRUE SURVIVAL!\",\"bold\":true},{\"text\":\"\\\\n\\\\nClick for more info.\",\"color\":\"dark_blue\",\"bold\":false,\"italic\":true,\"underlined\":true,\"hoverEvent\":{\"action\":\"show_text\",\"contents\":[{\"text\":\"Move to page 18.\"}]},\"clickEvent\":{\"action\":\"change_page\",\"value\":\"18\"}}]','[{\"text\":\"----Settings----\",\"bold\":true},{\"text\":\"\\\\nNatural Healing\",\"bold\":false,\"underlined\":true},{\"text\":\"\\\\nEnable:\",\"bold\":false,\"italic\":true},{\"text\":\"  [✔]\",\"color\":\"green\",\"bold\":false,\"hoverEvent\":{\"action\":\"show_text\",\"contents\":[{\"text\":\"Click to enable.\"}]},\"clickEvent\":{\"action\":\"run_command\",\"value\":\"/function tsurvival:guidebook/natural_healing/enable\"}},{\"text\":\"\\\\nDisable:\",\"bold\":false,\"italic\":true},{\"text\":\" [✖]\",\"color\":\"dark_red\",\"bold\":false,\"hoverEvent\":{\"action\":\"show_text\",\"contents\":[{\"text\":\"Click to disable.\"}]},\"clickEvent\":{\"action\":\"run_command\",\"value\":\"/function tsurvival:guidebook/natural_healing/disable\"}},{\"text\":\"\\\\nDefault = Disabled\",\"color\":\"gray\",\"bold\":false,\"italic\":true},{\"text\":\"\\\\n\\\\nDatapack\",\"bold\":false,\"underlined\":true},{\"text\":\"\\\\nEnable:\",\"bold\":false,\"italic\":true},{\"text\":\" [✔]\",\"color\":\"green\",\"bold\":false,\"hoverEvent\":{\"action\":\"show_text\",\"contents\":[{\"text\":\"Click to enable.\"}]},\"clickEvent\":{\"action\":\"run_command\",\"value\":\"/function tsurvival:guidebook/installation/install\"}},{\"text\":\"\\\\nDisable:\",\"bold\":false,\"italic\":true},{\"text\":\" [✖]\",\"color\":\"dark_red\",\"bold\":false,\"hoverEvent\":{\"action\":\"show_text\",\"contents\":[{\"text\":\"Click to disable.\"}]},\"clickEvent\":{\"action\":\"run_command\",\"value\":\"/function tsurvival:guidebook/installation/uninstall\"}},{\"text\":\"\\\\nDefault = Enabled\",\"color\":\"gray\",\"bold\":false,\"italic\":true}]','[{\"text\":\"----Index----\",\"bold\":true},{\"text\":\"\\\\n-Healing.\",\"bold\":false,\"hoverEvent\":{\"action\":\"show_text\",\"contents\":[{\"text\":\"Move to page 4.\"}]},\"clickEvent\":{\"action\":\"change_page\",\"value\":\"4\"}},{\"text\":\"\\\\n-Lighting.\",\"bold\":false,\"hoverEvent\":{\"action\":\"show_text\",\"contents\":[{\"text\":\"Move to page 6.\"}]},\"clickEvent\":{\"action\":\"change_page\",\"value\":\"6\"}},{\"text\":\"\\\\n-Hunger\",\"bold\":false,\"hoverEvent\":{\"action\":\"show_text\",\"contents\":[{\"text\":\"Move to page 8.\"}]},\"clickEvent\":{\"action\":\"change_page\",\"value\":\"8\"}},{\"text\":\"\\\\n-Cravings\",\"bold\":false,\"hoverEvent\":{\"action\":\"show_text\",\"contents\":[{\"text\":\"Move to page 9.\"}]},\"clickEvent\":{\"action\":\"change_page\",\"value\":\"9\"}},{\"text\":\"\\\\n-Iron.\",\"bold\":false,\"hoverEvent\":{\"action\":\"show_text\",\"contents\":[{\"text\":\"Move to page 10.\"}]},\"clickEvent\":{\"action\":\"change_page\",\"value\":\"10\"}},{\"text\":\"\\\\n-Traders.\",\"bold\":false,\"hoverEvent\":{\"action\":\"show_text\",\"contents\":[{\"text\":\"Move to page 12.\"}]},\"clickEvent\":{\"action\":\"change_page\",\"value\":\"12\"}},{\"text\":\"\\\\n-Armor.\",\"bold\":false,\"hoverEvent\":{\"action\":\"show_text\",\"contents\":[{\"text\":\"Move to page 13.\"}]},\"clickEvent\":{\"action\":\"change_page\",\"value\":\"13\"}},{\"text\":\"\\\\n-Wood.\",\"bold\":false,\"hoverEvent\":{\"action\":\"show_text\",\"contents\":[{\"text\":\"Move to page 14.\"}]},\"clickEvent\":{\"action\":\"change_page\",\"value\":\"14\"}},{\"text\":\"\\\\n-Mob difficulty.\",\"bold\":false,\"hoverEvent\":{\"action\":\"show_text\",\"contents\":[{\"text\":\"Move to page 15.\"}]},\"clickEvent\":{\"action\":\"change_page\",\"value\":\"15\"}},{\"text\":\"\\\\n-Endgame.\",\"bold\":false,\"hoverEvent\":{\"action\":\"show_text\",\"contents\":[{\"text\":\"Move to page 16.\"}]},\"clickEvent\":{\"action\":\"change_page\",\"value\":\"16\"}},{\"text\":\"\\\\n-New items.\",\"bold\":false,\"hoverEvent\":{\"action\":\"show_text\",\"contents\":[{\"text\":\"Move to page 17.\"}]},\"clickEvent\":{\"action\":\"change_page\",\"value\":\"17\"}},{\"text\":\"\\\\n-Wiki & Showcase.\",\"bold\":false,\"hoverEvent\":{\"action\":\"show_text\",\"contents\":[{\"text\":\"Move to page 18.\"}]},\"clickEvent\":{\"action\":\"change_page\",\"value\":\"18\"}}]','[{\"text\":\"----Healing----\",\"bold\":true,\"hoverEvent\":{\"action\":\"show_text\",\"contents\":[{\"text\":\"Move to page 12.\"}]},\"clickEvent\":{\"action\":\"change_page\",\"value\":\"12\"}},{\"text\":\"\\\\nTrue survival has natural healing disabled. Be resourceful!\",\"color\":\"dark_red\",\"bold\":false,\"italic\":false},{\"text\":\"\\\\n-Throw a log onto a campfire to slowly regenerate 3 hearts.\",\"bold\":false},{\"text\":\"\\\\n-Staying in 7+ light level and keeping your hunger up will heal you 0.5 hearts every 3 minutes.\",\"bold\":false},{\"text\":\"\\\\nClick for more info.\",\"color\":\"dark_blue\",\"bold\":false,\"italic\":true,\"underlined\":true,\"hoverEvent\":{\"action\":\"show_text\",\"contents\":[{\"text\":\"Move to page 18.\"}]},\"clickEvent\":{\"action\":\"change_page\",\"value\":\"18\"}}]','[{\"text\":\"----Healing----\",\"bold\":true},{\"text\":\"\\\\nTIPS:\",\"color\":\"dark_red\",\"bold\":false},{\"text\":\"\\\\n-Don\\'t forget vanilla healing sources.\",\"bold\":false},{\"text\":\"\\\\n-You can automate campfire healing with droppers.\",\"bold\":false},{\"text\":\"\\\\n-Make sure to check out \",\"bold\":false},{\"text\":\"healing salves\",\"color\":\"dark_blue\",\"bold\":false,\"italic\":true,\"underlined\":true,\"hoverEvent\":{\"action\":\"show_text\",\"contents\":[{\"text\":\"Move to page 17.\"}]},\"clickEvent\":{\"action\":\"change_page\",\"value\":\"17\"}},{\"text\":\".\",\"bold\":false},{\"text\":\"\\\\n\\\\n\\\\n\\\\n\\\\n\\\\nClick for more info.\",\"color\":\"dark_blue\",\"bold\":false,\"italic\":true,\"underlined\":true,\"hoverEvent\":{\"action\":\"show_text\",\"contents\":[{\"text\":\"Move to page 18.\"}]},\"clickEvent\":{\"action\":\"change_page\",\"value\":\"18\"}}]','[{\"text\":\"----Lighting----\",\"bold\":true},{\"text\":\"\\\\nTorches cannot be crafted the normal way!\",\"color\":\"dark_red\",\"bold\":false},{\"text\":\"\\\\n-Place a stick onto a campfire to make a torch.\",\"bold\":false},{\"text\":\"\\\\n-Craft 4 torches with a stick, coal/charcoal, and a \",\"bold\":false},{\"text\":\"kindling\",\"color\":\"dark_blue\",\"bold\":false,\"italic\":true,\"underlined\":true,\"hoverEvent\":{\"action\":\"show_text\",\"contents\":[{\"text\":\"Move to page 7.\"}]},\"clickEvent\":{\"action\":\"change_page\",\"value\":\"7\"}},{\"text\":\".\"},{\"text\":\"\\\\n-Craft 6 torches with a stick and a fire charge.\",\"bold\":false},{\"text\":\"\\\\nClick for more info.\",\"color\":\"dark_blue\",\"bold\":false,\"italic\":true,\"underlined\":true,\"hoverEvent\":{\"action\":\"show_text\",\"contents\":[{\"text\":\"Move to page 18.\"}]},\"clickEvent\":{\"action\":\"change_page\",\"value\":\"18\"}}]','[{\"text\":\"----Lighting----\",\"bold\":true},{\"text\":\"\\\\nTIPS:\",\"color\":\"dark_red\",\"bold\":false},{\"text\":\"\\\\n-Most undead can trample torches. Invest in unique lighting\",\"bold\":false},{\"text\":\"\\\\nKindling:\",\"color\":\"dark_red\",\"bold\":false},{\"text\":\"\\\\n-Grass\",\"bold\":false},{\"text\":\"\\\\n-Ferns\",\"bold\":false},{\"text\":\"\\\\n-Paper\",\"bold\":false},{\"text\":\"\\\\n-Vines\",\"bold\":false},{\"text\":\"\\\\n-Dried Kelp\",\"bold\":false},{\"text\":\"\\\\n-Moss Carpet\",\"bold\":false},{\"text\":\"\\\\n-Seagrass\",\"bold\":false}]','[{\"text\":\"----Hunger----\",\"bold\":true},{\"text\":\"\\\\nMany actions now consume hunger!\",\"color\":\"dark_red\",\"bold\":false},{\"text\":\"\\\\n-Sleeping = High\",\"bold\":false},{\"text\":\"\\\\n-Blocking = Low\",\"bold\":false},{\"text\":\"\\\\n-Campfire Heal = Medium\",\"bold\":false},{\"text\":\"\\\\n-Attacking w/ Diamond chest = Low\",\"bold\":false},{\"text\":\"\\\\n-Attacking w/ Netherite chest = Low\",\"bold\":false},{\"text\":\"\\\\n-Ambient heal = Low\",\"bold\":false},{\"text\":\"\\\\n-Zombie Bites = High\",\"bold\":false},{\"text\":\"\\\\nClick for more info.\",\"color\":\"dark_blue\",\"bold\":false,\"italic\":true,\"underlined\":true,\"hoverEvent\":{\"action\":\"show_text\",\"contents\":[{\"text\":\"Move to page 18.\"}]},\"clickEvent\":{\"action\":\"change_page\",\"value\":\"18\"}}]','[{\"text\":\"----Cravings----\",\"bold\":true},{\"text\":\"\\\\nSleeping will give you a food craving! Satisfy it to gain XP and strength.\",\"color\":\"dark_red\",\"bold\":false},{\"text\":\"\\\\n-There are 7 types of cravings.\",\"bold\":false},{\"text\":\"\\\\n1)\"},{\"text\":\"Baked Goods\",\"bold\":false},{\"text\":\"\\\\n2)\"},{\"text\":\"Fruits\",\"bold\":false},{\"text\":\"\\\\n3)\"},{\"text\":\"Golden\",\"bold\":false},{\"text\":\"\\\\n4)\"},{\"text\":\"Liquids\",\"bold\":false},{\"text\":\"\\\\n5)\"},{\"text\":\"Proteins\",\"bold\":false},{\"text\":\"\\\\n6)\"},{\"text\":\"Trash\",\"bold\":false},{\"text\":\"\\\\n7)\"},{\"text\":\"Veggies\",\"bold\":false}]','[{\"text\":\"----Iron----\",\"bold\":true},{\"text\":\"\\\\nIron income and usage has been reworked!\",\"color\":\"dark_red\",\"bold\":false},{\"text\":\"\\\\n-Stone: 10% to drop 1 iron nugget.\",\"bold\":false},{\"text\":\"\\\\n-Deepslate: 10% to drop 1-2 iron nuggets.\",\"bold\":false},{\"text\":\"\\\\n-Craft chains w/ four iron nuggets.\",\"bold\":false},{\"text\":\"\\\\n-Craft chainmail w/ chains.\",\"bold\":false},{\"text\":\"\\\\n-Golems drop iron only on player kill.\",\"bold\":false}]','[{\"text\":\"----Iron----\",\"bold\":true},{\"text\":\"\\\\nTIPS:\",\"color\":\"dark_red\",\"bold\":false},{\"text\":\"\\\\n-Make a stone generator into an iron farm!\",\"bold\":false},{\"text\":\"\\\\n-\",\"bold\":false},{\"text\":\"Spelunkers\",\"color\":\"dark_blue\",\"bold\":false,\"italic\":true,\"underlined\":true,\"hoverEvent\":{\"action\":\"show_text\",\"contents\":[{\"text\":\"Move to page 12.\"}]},\"clickEvent\":{\"action\":\"change_page\",\"value\":\"12\"}},{\"text\":\" will buy 10 iron nuggets for an emerald!\",\"bold\":false},{\"text\":\"\\\\n\\\\n\\\\n\\\\n\\\\n\\\\nClick for more info.\",\"color\":\"dark_blue\",\"bold\":false,\"italic\":true,\"underlined\":true,\"hoverEvent\":{\"action\":\"show_text\",\"contents\":[{\"text\":\"Move to page 18.\"}]},\"clickEvent\":{\"action\":\"change_page\",\"value\":\"18\"}}]','[{\"text\":\"----Traders----\",\"bold\":true,\"hoverEvent\":{\"action\":\"show_text\",\"contents\":[{\"text\":\"Move to page 9.\"}]},\"clickEvent\":{\"action\":\"change_page\",\"value\":\"9\"}},{\"text\":\"\\\\nThree new wandering traders spawn!\",\"color\":\"dark_red\",\"bold\":false},{\"text\":\"\\\\nSpelunker: Spawns underground and helps with mining.\",\"bold\":false},{\"text\":\"\\\\nJockey: Spawns in the nether and helps nether exploration.\",\"bold\":false},{\"text\":\"\\\\nVoyager: Spawns in The End and helps End exploration.\",\"bold\":false},{\"text\":\"\\\\n\\\\nClick for more info.\",\"color\":\"dark_blue\",\"bold\":false,\"italic\":true,\"underlined\":true,\"hoverEvent\":{\"action\":\"show_text\",\"contents\":[{\"text\":\"Move to page 18.\"}]},\"clickEvent\":{\"action\":\"change_page\",\"value\":\"18\"}}]','[{\"text\":\"-----Armor-----\",\"bold\":true},{\"text\":\"\\\\nArmors have sets and reworks!\",\"color\":\"dark_red\",\"bold\":false},{\"text\":\"\\\\nLeather: Speed and immunity to creeper slowness.\",\"bold\":false},{\"text\":\"\\\\nChainmail: Immunity to zombie bites.\",\"bold\":false},{\"text\":\"\\\\nGold: Haste.\",\"bold\":false},{\"text\":\"\\\\nDiamond: Chestplate uses hunger.\",\"bold\":false},{\"text\":\"\\\\nNetherite: Chestplate uses hunger. Gives fire resistance.\",\"bold\":false}]','[{\"text\":\"----Wood----\",\"bold\":true},{\"text\":\"\\\\nWood income now has progression!\",\"color\":\"dark_red\",\"bold\":false},{\"text\":\"\\\\nFortune on axes will yield growing multiples of planks.\",\"bold\":false},{\"text\":\"\\\\nLumberjack villagers will sell large shipments of logs! To hire one, splash a Vindicator with weakness and rename them: Bunyan.\",\"bold\":false},{\"text\":\"\\\\nClick for more info.\",\"color\":\"dark_blue\",\"bold\":false,\"italic\":true,\"underlined\":true,\"hoverEvent\":{\"action\":\"show_text\",\"contents\":[{\"text\":\"Move to page 18.\"}]},\"clickEvent\":{\"action\":\"change_page\",\"value\":\"18\"}}]','[{\"text\":\"----Mobs----\",\"bold\":true},{\"text\":\"\\\\nCreeper: Gives slowness when nearby.\",\"bold\":false},{\"text\":\"\\\\nZombiesX: Apply hunger effects on hit.\",\"bold\":false},{\"text\":\"\\\\nSkeleton: Armored skeletons switch to axes when close by.\",\"bold\":false},{\"text\":\"\\\\nSpider: Strength spiders will hatch spiderlings and lay cobwebs.\",\"bold\":false},{\"text\":\"\\\\nClick for more info.\",\"color\":\"dark_blue\",\"bold\":false,\"italic\":true,\"underlined\":true,\"hoverEvent\":{\"action\":\"show_text\",\"contents\":[{\"text\":\"Move to page 18.\"}]},\"clickEvent\":{\"action\":\"change_page\",\"value\":\"18\"}}]','[{\"text\":\"----Endgame----\",\"bold\":true},{\"text\":\"\\\\nMobs drop emeralds! But: they\\'re used for progression.\",\"color\":\"dark_red\",\"bold\":false},{\"text\":\"\\\\nDrop rate depends on difficulty, rarity, and farmability.\",\"bold\":false},{\"text\":\"\\\\nEnder eyes require an emerald.\",\"bold\":false},{\"text\":\"\\\\nEnchantment tables require an emerald block.\",\"bold\":false},{\"text\":\"\\\\nEnder chests require 2 emerald blocks.\",\"bold\":false}]','[{\"text\":\"----Items----\",\"bold\":true},{\"text\":\"\\\\nNew items fill holes in vanilla gameplay!\",\"color\":\"dark_red\",\"bold\":false},{\"text\":\"\\\\nMake the custom crafter!\",\"bold\":false},{\"text\":\"\\\\nPlace an item frame on top of a crafting table. Then place an emerald inside the frame. Right click the campfire to use!\",\"bold\":false},{\"text\":\"\\\\n\\\\n\\\\nClick for more info.\",\"color\":\"dark_blue\",\"bold\":false,\"italic\":true,\"underlined\":true,\"hoverEvent\":{\"action\":\"show_text\",\"contents\":[{\"text\":\"Move to page 18.\"}]},\"clickEvent\":{\"action\":\"change_page\",\"value\":\"18\"}}]','[{\"text\":\"----Wiki----\",\"bold\":true},{\"text\":\"\\\\nThis guidebook should get you started, but there are many more things in True Survival! \",\"color\":\"dark_red\",\"bold\":false},{\"text\":\"\\\\nMake sure to reference the Wiki and/or the full feature showcase to learn more!\",\"bold\":false},{\"text\":\"\\\\n\\\\n\\\\nClick to learn more.\",\"color\":\"dark_blue\",\"bold\":false,\"italic\":true,\"underlined\":true,\"hoverEvent\":{\"action\":\"show_text\",\"contents\":[{\"text\":\"Open Wiki webpage.\"}]},\"clickEvent\":{\"action\":\"open_url\",\"value\":\"http://truesurvivalmc.weebly.com/\"}}]']}"
            }
          ]
        }
      ]
    },
    {
      "rolls": 1,
      "entries": [
        {
          "type": "minecraft:item",
          "name": "minecraft:bundle",
          "functions": [
            {
              "function": "minecraft:set_count",
              "count": 1
            },
            {
              "function": "minecraft:set_nbt",
              "tag": "{CustomModelData:5101008,tsurv.bundle:1b,Items:[{id:\"minecraft:emerald\",Count:1b}]}"
            },
            {
              "function": "minecraft:set_name",
              "name": [
                {
                  "text": "Old Bundle",
                  "color": "yellow",
                  "bold": false,
                  "italic": false
                }
              ]
            },
            {
              "function": "minecraft:set_lore",
              "lore": [
                {
                  "text": "A journey begins...",
                  "color": "gray",
                  "italic": true
                }
              ]
            }
          ]
        }
      ]
    }
  ]
}
