{
  "type": "minecraft:generic",
  "pools": [
    {
      "rolls": 1,
      "entries": [
        {
          "type": "minecraft:item",
          "weight": 1,
          "name": "minecraft:bundle",
          "functions": [
            {
              "function": "minecraft:set_count",
              "count": 1
            },
            {
              "function": "minecraft:set_nbt",
              "tag": "{CustomModelData:5101020,Items:[{id:\"minecraft:dragon_breath\",Count:16b}]}"
            },
            {
              "function": "minecraft:set_name",
              "name": [
                {
                  "text": "End Bundle",
                  "color": "light_purple",
                  "italic": false
                }
              ]
            }
          ]
        },
        {
          "type": "minecraft:item",
          "weight": 1,
          "name": "minecraft:bundle",
          "functions": [
            {
              "function": "minecraft:set_count",
              "count": 1
            },
            {
              "function": "minecraft:set_nbt",
              "tag": "{CustomModelData:5101020,Items:[{id:\"minecraft:shield\",Count:1b,tag:{display:{Name:'{\"text\":\"The Crystal\",\"color\":\"yellow\",\"italic\":false}'},BlockEntityTag:{Base:15,Patterns:[{Color:10,Pattern:\"gra\"},{Color:7,Pattern:\"gru\"},{Color:15,Pattern:\"bt\"},{Color:2,Pattern:\"mc\"},{Color:0,Pattern:\"glb\"},{Color:3,Pattern:\"bts\"}]}}}]}"
            },
            {
              "function": "minecraft:set_name",
              "name": [
                {
                  "text": "End Bundle",
                  "color": "light_purple",
                  "italic": false
                }
              ]
            }
          ]
        },
        {
          "type": "minecraft:item",
          "weight": 1,
          "name": "minecraft:bundle",
          "functions": [
            {
              "function": "minecraft:set_count",
              "count": 1
            },
            {
              "function": "minecraft:set_nbt",
              "tag": "{CustomModelData:5101020,Items:[{id:\"minecraft:end_stone\",Count:16b},{id:\"minecraft:chorus_flower\",Count:16b}]}"
            },
            {
              "function": "minecraft:set_name",
              "name": [
                {
                  "text": "End Bundle",
                  "color": "light_purple",
                  "italic": false
                }
              ]
            }
          ]
        },
        {
          "type": "minecraft:item",
          "weight": 1,
          "name": "minecraft:bundle",
          "functions": [
            {
              "function": "minecraft:set_count",
              "count": 1
            },
            {
              "function": "minecraft:set_nbt",
              "tag": "{CustomModelData:5101020,Items:[{id:\"minecraft:end_rod\",Count:48b}]}"
            },
            {
              "function": "minecraft:set_name",
              "name": [
                {
                  "text": "End Bundle",
                  "color": "light_purple",
                  "italic": false
                }
              ]
            }
          ]
        }
      ]
    }
  ]
}
