{
  "type": "minecraft:generic",
  "pools": [
    {
      "rolls": 1,
      "entries": [
        {
          "type": "minecraft:item",
          "weight": 1,
          "name": "minecraft:bundle",
          "functions": [
            {
              "function": "minecraft:set_count",
              "count": 1
            },
            {
              "function": "minecraft:set_nbt",
              "tag": "{CustomModelData:5101023,Items:[{id:\"minecraft:beetroot_soup\",Count:1b,tag:{display:{Name:'{\"text\":\"Healing Salve\",\"color\":\"aqua\",\"italic\":false}',Lore:['{\"text\":\"Put into offhand to heal.\",\"color\":\"gray\",\"italic\":true}']},CustomModelData:5101001,tsurv.salve:1b}}]}"
            },
            {
              "function": "minecraft:set_name",
              "name": [
                {
                  "text": "Mineshaft Bundle",
                  "color": "light_purple",
                  "italic": false
                }
              ]
            }
          ]
        },
        {
          "type": "minecraft:item",
          "weight": 1,
          "name": "minecraft:bundle",
          "functions": [
            {
              "function": "minecraft:set_count",
              "count": 1
            },
            {
              "function": "minecraft:set_nbt",
              "tag": "{CustomModelData:5101023,Items:[{id:\"minecraft:shield\",Count:1b,tag:{display:{Name:'{\"text\":\"The Cavern\",\"color\":\"yellow\",\"italic\":false}'},BlockEntityTag:{Base:8,Patterns:[{Color:3,Pattern:\"sc\"},{Color:7,Pattern:\"hh\"},{Color:8,Pattern:\"br\"},{Color:8,Pattern:\"tts\"},{Color:3,Pattern:\"ms\"},{Color:7,Pattern:\"gra\"}]}}}]}"
            },
            {
              "function": "minecraft:set_name",
              "name": [
                {
                  "text": "Mineshaft Bundle",
                  "color": "light_purple",
                  "italic": false
                }
              ]
            }
          ]
        },
        {
          "type": "minecraft:item",
          "weight": 1,
          "name": "minecraft:bundle",
          "functions": [
            {
              "function": "minecraft:set_count",
              "count": 1
            },
            {
              "function": "minecraft:set_nbt",
              "tag": "{CustomModelData:5101023,Items:[{id:\"minecraft:copper_block\",Count:16b}]}"
            },
            {
              "function": "minecraft:set_name",
              "name": [
                {
                  "text": "Mineshaft Bundle",
                  "color": "light_purple",
                  "italic": false
                }
              ]
            }
          ]
        },
        {
          "type": "minecraft:item",
          "weight": 1,
          "name": "minecraft:bundle",
          "functions": [
            {
              "function": "minecraft:set_count",
              "count": 1
            },
            {
              "function": "minecraft:set_nbt",
              "tag": "{CustomModelData:5101023,Items:[{id:\"minecraft:torch\",Count:64b}]}"
            },
            {
              "function": "minecraft:set_name",
              "name": [
                {
                  "text": "Mineshaft Bundle",
                  "color": "light_purple",
                  "italic": false
                }
              ]
            }
          ]
        }
      ]
    }
  ]
}
