{
  "type": "minecraft:generic",
  "pools": [
    {
      "rolls": 1,
      "entries": [
        {
          "type": "minecraft:item",
          "weight": 1,
          "name": "minecraft:bundle",
          "functions": [
            {
              "function": "minecraft:set_count",
              "count": 1
            },
            {
              "function": "minecraft:set_nbt",
              "tag": "{CustomModelData:5101024,Items:[{id:\"minecraft:lodestone\",Count:2b}]}"
            },
            {
              "function": "minecraft:set_name",
              "name": [
                {
                  "text": "Nether Bundle",
                  "color": "light_purple",
                  "italic": false
                }
              ]
            }
          ]
        },
        {
          "type": "minecraft:item",
          "weight": 1,
          "name": "minecraft:bundle",
          "functions": [
            {
              "function": "minecraft:set_count",
              "count": 1
            },
            {
              "function": "minecraft:set_nbt",
              "tag": "{CustomModelData:5101024,Items:[{id:\"minecraft:shield\",Count:1b,tag:{display:{Name:'{\"text\":\"The Core\",\"color\":\"yellow\",\"italic\":false}'},BlockEntityTag:{Base:10,Patterns:[{Color:7,Pattern:\"gra\"},{Color:15,Pattern:\"gru\"},{Color:10,Pattern:\"ms\"},{Color:10,Pattern:\"mr\"},{Color:0,Pattern:\"ms\"},{Color:0,Pattern:\"mr\"}]}}}]}"
            },
            {
              "function": "minecraft:set_name",
              "name": [
                {
                  "text": "Nether Bundle",
                  "color": "light_purple",
                  "italic": false
                }
              ]
            }
          ]
        },
        {
          "type": "minecraft:item",
          "weight": 1,
          "name": "minecraft:bundle",
          "functions": [
            {
              "function": "minecraft:set_count",
              "count": 1
            },
            {
              "function": "minecraft:set_nbt",
              "tag": "{CustomModelData:5101024,Items:[{id:\"minecraft:gold_ingot\",Count:12b}]}"
            },
            {
              "function": "minecraft:set_name",
              "name": [
                {
                  "text": "Nether Bundle",
                  "color": "light_purple",
                  "italic": false
                }
              ]
            }
          ]
        },
        {
          "type": "minecraft:item",
          "weight": 1,
          "name": "minecraft:bundle",
          "functions": [
            {
              "function": "minecraft:set_count",
              "count": 1
            },
            {
              "function": "minecraft:set_nbt",
              "tag": "{CustomModelData:5101024,Items:[{id:\"minecraft:soul_torch\",Count:64b}]}"
            },
            {
              "function": "minecraft:set_name",
              "name": [
                {
                  "text": "Nether Bundle",
                  "color": "light_purple",
                  "italic": false
                }
              ]
            }
          ]
        }
      ]
    }
  ]
}
