{
  "type": "minecraft:generic",
  "pools": [
    {
      "rolls": 1,
      "entries": [
        {
          "type": "minecraft:item",
          "weight": 1,
          "name": "minecraft:bundle",
          "functions": [
            {
              "function": "minecraft:set_count",
              "count": 1
            },
            {
              "function": "minecraft:set_nbt",
              "tag": "{CustomModelData:5101025,Items:[{id:\"minecraft:jukebox\",Count:1b}]}"
            },
            {
              "function": "minecraft:set_name",
              "name": [
                {
                  "text": "Overworld Bundle",
                  "color": "light_purple",
                  "italic": false
                }
              ]
            }
          ]
        },
        {
          "type": "minecraft:item",
          "weight": 1,
          "name": "minecraft:bundle",
          "functions": [
            {
              "function": "minecraft:set_count",
              "count": 1
            },
            {
              "function": "minecraft:set_nbt",
              "tag": "{CustomModelData:5101025,Items:[{id:\"minecraft:shield\",Count:1b,tag:{display:{Name:'{\"text\":\"The Hearth\",\"color\":\"yellow\",\"italic\":false}'},BlockEntityTag:{Base:7,Patterns:[{Color:14,Pattern:\"gra\"},{Color:1,Pattern:\"bri\"},{Color:4,Pattern:\"bt\"},{Color:1,Pattern:\"cr\"},{Color:4,Pattern:\"bts\"},{Color:12,Pattern:\"bts\"}]}}}]}"
            },
            {
              "function": "minecraft:set_name",
              "name": [
                {
                  "text": "Overworld Bundle",
                  "color": "light_purple",
                  "italic": false
                }
              ]
            }
          ]
        },
        {
          "type": "minecraft:item",
          "weight": 1,
          "name": "minecraft:bundle",
          "functions": [
            {
              "function": "minecraft:set_count",
              "count": 1
            },
            {
              "function": "minecraft:set_nbt",
              "tag": "{CustomModelData:5101025,Items:[{id:\"minecraft:campfire\",Count:3b},]}"
            },
            {
              "function": "minecraft:set_name",
              "name": [
                {
                  "text": "Overworld Bundle",
                  "color": "light_purple",
                  "italic": false
                }
              ]
            }
          ]
        },
        {
          "type": "minecraft:item",
          "weight": 1,
          "name": "minecraft:bundle",
          "functions": [
            {
              "function": "minecraft:set_count",
              "count": 1
            },
            {
              "function": "minecraft:set_nbt",
              "tag": "{CustomModelData:5101025,Items:[{id:\"minecraft:torch\",Count:64b}]}"
            },
            {
              "function": "minecraft:set_name",
              "name": [
                {
                  "text": "Overworld Bundle",
                  "color": "light_purple",
                  "italic": false
                }
              ]
            }
          ]
        }
      ]
    }
  ]
}
